k,inertia,silhouette_score
2,17986.48159760687,0.3178104674814362
3,14199.826545194319,0.33022623219217373
4,11484.715794904037,0.3152599285892494
5,9825.485987732854,0.3266263667039721
6,9054.933611698896,0.31086193325320177
7,8392.192978084206,0.2580972524849855
8,7865.804660710051,0.25197887665312907
