model,accuracy,log_loss
Logistic Regression,0.5285714285714286,0.9587760095002433
Gradient Boosting,0.5190476190476191,1.0009744742846833
Random Forest,0.49047619047619045,1.0386609641165787
