{
  "Logistic Regression": {
    "classification_report": {
      "D": {
        "precision": 0.4117647058823529,
        "recall": 0.2545454545454545,
        "f1-score": 0.3146067415730337,
        "support": 110.0
      },
      "L": {
        "precision": 0.5434782608695652,
        "recall": 0.6451612903225806,
        "f1-score": 0.5899705014749262,
        "support": 155.0
      },
      "W": {
        "precision": 0.5595238095238095,
        "recall": 0.6064516129032258,
        "f1-score": 0.5820433436532507,
        "support": 155.0
      },
      "accuracy": 0.5285714285714286,
      "macro avg": {
        "precision": 0.5049222587585759,
        "recall": 0.5020527859237537,
        "f1-score": 0.4955401955670702,
        "support": 420.0
      },
      "weighted avg": {
        "precision": 0.5149034251381712,
        "recall": 0.5285714285714286,
        "f1-score": 0.5149259227807169,
        "support": 420.0
      }
    },
    "confusion_matrix": [
      [
        28,
        46,
        36
      ],
      [
        17,
        100,
        38
      ],
      [
        23,
        38,
        94
      ]
    ],
    "classes": [
      "D",
      "L",
      "W"
    ]
  },
  "Random Forest": {
    "classification_report": {
      "D": {
        "precision": 0.13333333333333333,
        "recall": 0.01818181818181818,
        "f1-score": 0.032,
        "support": 110.0
      },
      "L": {
        "precision": 0.48623853211009177,
        "recall": 0.6838709677419355,
        "f1-score": 0.5683646112600537,
        "support": 155.0
      },
      "W": {
        "precision": 0.5240641711229946,
        "recall": 0.632258064516129,
        "f1-score": 0.5730994152046783,
        "support": 155.0
      },
      "accuracy": 0.49047619047619045,
      "macro avg": {
        "precision": 0.38121201218880657,
        "recall": 0.4447702834799609,
        "f1-score": 0.391154675488244,
        "support": 420.0
      },
      "weighted avg": {
        "precision": 0.40777044206617874,
        "recall": 0.49047619047619045,
        "f1-score": 0.4296355335762701,
        "support": 420.0
      }
    },
    "confusion_matrix": [
      [
        2,
        59,
        49
      ],
      [
        9,
        106,
        40
      ],
      [
        4,
        53,
        98
      ]
    ],
    "classes": [
      "D",
      "L",
      "W"
    ]
  },
  "Gradient Boosting": {
    "classification_report": {
      "D": {
        "precision": 0.2553191489361702,
        "recall": 0.10909090909090909,
        "f1-score": 0.15286624203821655,
        "support": 110.0
      },
      "L": {
        "precision": 0.5524861878453039,
        "recall": 0.6451612903225806,
        "f1-score": 0.5952380952380952,
        "support": 155.0
      },
      "W": {
        "precision": 0.5520833333333334,
        "recall": 0.6838709677419355,
        "f1-score": 0.6109510086455331,
        "support": 155.0
      },
      "accuracy": 0.5190476190476191,
      "macro avg": {
        "precision": 0.45329622337160247,
        "recall": 0.47937438905180835,
        "f1-score": 0.45301844864061497,
        "support": 420.0
      },
      "weighted avg": {
        "precision": 0.47450805277539876,
        "recall": 0.5190476190476191,
        "f1-score": 0.4851776136337291,
        "support": 420.0
      }
    },
    "confusion_matrix": [
      [
        12,
        49,
        49
      ],
      [
        18,
        100,
        37
      ],
      [
        17,
        32,
        106
      ]
    ],
    "classes": [
      "D",
      "L",
      "W"
    ]
  }
}